,MMM,AXP,T,BA,CAT,CVX,CSCO,KO,DD,XOM,GE,GS,HD,INTC,IBM,JNJ,JPM,MCD,MRK,MSFT,NKE,PFE,PG,TRV,UNH,UTX,VZ,V,WMT,DIS
20130503,104.77,69.26,34.99,91.47,84.72,118.42,20.05,40.73,52,86.98,21.67,142.99,72.01,23.09,199.2,82.71,45.96,98.82,43.77,32.3,63.52,27.79,75.82,82.9,57.74,90.69,49.91,177.86,76.87,64.01
20130506,104.78,69.09,34.75,91.91,85.32,118.18,20.03,40.57,51.95,87.52,21.68,146.02,73.28,23.04,197.52,81.68,46.55,98,43.11,32.55,62.94,27.56,75.4,82.81,58.99,91.06,49.32,177.22,76.47,64.27
20130507,104.95,69.27,35.15,92.49,87.46,117.98,19.62,41.17,52.69,88.07,21.78,146.88,73.1,23.27,198.35,82.5,47.48,98.22,43.39,32.13,62.9,27.86,75.58,83.5,59.29,91.43,50.14,178.11,76.47,65.26
20130508,105.13,69.34,35.45,92.23,87.96,118.29,19.95,40.94,52.73,88.6,22.09,147.8,73.44,23.37,200.44,82.43,48.08,96.93,43.12,31.82,62.89,27.8,76.07,84.72,61.26,91.93,50.32,177.59,76.36,65.19
20130509,106.8,69.24,34.98,92.79,87.61,118.56,20.05,40.61,53.39,88.56,21.87,146.11,73.87,23.47,198.89,82.13,47.38,95.72,43.6,31.5,62.73,27.67,75.84,83.92,60.77,92.3,49.94,176.91,76.51,65.86
20130510,107.35,69.11,35,92.43,86.32,118.17,20.31,40.64,53.47,87.7,21.99,146.66,74.01,23.61,200.1,82.72,47.31,96.21,44.04,31.53,63.73,27.79,76.38,83.95,61.65,92.77,50.11,177.08,76.98,66.38
20130513,107.37,68.82,34.67,92.94,85.78,117.8,20.48,40.68,52.92,87.66,21.94,147.18,74.65,23.2,198.14,82.81,47.99,96.38,44.25,31.86,63.62,28.42,76.21,83.96,61.14,92.48,49.79,177.26,76.6,66.5
20130514,107.45,70.52,34.88,94.26,85.28,119.86,20.48,41,53.61,88.64,22.09,151.99,75.29,22.97,198.86,83.89,48.53,97.17,44.71,32.57,64.86,28.45,77.06,85.32,60.49,93.44,50.38,178.64,76.88,66.65
20130515,108.34,71.77,35.16,95.16,84.74,118.91,20.42,41.38,53.99,88.77,22.32,153.07,75.83,23.32,198.97,84.54,49.36,97.89,44.79,32.88,64.78,28.6,78.24,85.21,60.37,93.84,50.78,180.39,77.93,66.84
20130516,107.92,71.23,35.02,94.72,84.53,118.66,23,41.55,53.93,88.24,22.34,151.95,74.73,23.07,200.31,84.35,49.25,97.09,44.44,33.1,63.42,28.3,77.77,84.32,60.89,93.22,50.41,178.45,76.6,65.66
20130517,108.23,72.31,35.08,97.02,85.39,119.3,23.34,41.43,54.32,89.27,22.53,155.59,74.84,23.16,203.98,84.97,50.53,97.5,44.08,33.87,64.28,28.02,77.6,83.96,61.58,95.35,50.55,183.18,75.99,65.77
20130520,108.55,73.37,34.87,96.82,86.04,120.62,23.06,40.86,54.36,90.01,22.63,156.3,74.74,23.2,203.16,84.89,50.52,97.5,43.33,34.07,64.29,27.77,76.7,83.04,61.31,95.23,49.97,180.24,75.53,65.31
20130521,108.83,74.07,34.61,96.85,85.81,121.74,23.11,40.82,54.8,90.28,22.72,158.1,76.64,23.27,204.19,85.45,51.23,98.07,45.36,33.85,64.19,27.85,76.41,81.18,61.61,95.55,49.34,180.18,75.52,65.03
20130522,108.26,73.41,34.31,96.05,85.42,120.76,22.47,40.74,54.01,89.69,22.91,156.74,77.59,23.19,202.56,85.33,51.82,97.69,44.77,33.62,63.43,28.35,76.43,81.31,61.03,94.27,48.77,178.78,75.17,64.77
20130523,107.89,73.66,34.42,97.83,84.69,121.22,22.63,40.43,53.8,89.3,22.72,154.84,76.83,23.17,201.75,84.75,51.55,97.01,45.36,33.17,62.32,28.16,76.32,81.05,61.11,93.53,49.16,176.76,74.49,64.43
20130524,107.75,74.23,34.43,98.08,83.97,121.26,22.65,40.73,53.8,89.05,22.59,156.13,76.91,23.05,201.32,84.37,51.85,96.3,45.2,33.29,61.79,28.1,79.4,81.15,60.82,93.09,48.69,179.09,75.44,64.69
20130528,109.04,75.11,33.9,98.19,83.95,122.21,23,41.02,54.32,89.87,22.66,158.57,77.72,23.2,203.34,85.14,52.76,97.21,45.64,34.02,62.28,28.07,78.41,80.78,62.07,94,48.15,178.68,75.45,65.88
20130529,108.59,74.78,33.65,97.19,84.24,121.3,23.22,39.92,54.45,89.58,22.7,160.71,77.4,23.39,203.47,83.24,52.82,95.1,44.92,33.88,61.93,27.36,76.51,81.22,62.08,93.17,46.97,176.8,74.39,65.45
20130530,108.88,75.09,33.26,98.61,84.17,120.94,23.46,39.31,54.72,89.59,22.66,162.17,77.35,23.33,204.88,83.57,53.74,93.93,45.11,34.03,61.62,27.33,76.7,82.08,63.36,93.99,46.5,179.67,73.8,63.86
20130531,107.75,74.66,32.78,97.12,83.57,118.65,23.22,38.56,54.22,88.02,22.39,159.94,76.59,23.4,203.57,81.81,52.75,93.45,44.76,33.9,60.88,26.35,74.44,81.26,61.37,92.95,45.93,176.8,73.03,62.31
20130603,108.09,75.41,32.86,98.8,83.89,119.95,23.47,39.35,54.55,88.98,22.7,161.4,77,24.32,204.48,82.32,52.65,94.8,46.44,34.57,62.24,26.85,75.31,81.3,61.54,93.27,46.1,178.83,73.86,63.02
20130604,107.51,75.01,33.42,97.7,83.69,118.86,23.45,39.94,54.22,88.33,22.72,159.54,74.98,24.44,201.78,81.73,52.21,95.19,47.39,33.99,61.99,26.76,75.03,81.36,61.11,92.34,46.27,178.84,74.1,63.57
20130605,106.11,73.73,33.04,96.6,82.23,117.51,23.41,39.19,53.08,87.22,22.39,156.21,73.49,23.8,198.4,81.32,51.24,93.3,46.71,33.78,60.97,26.59,74.34,79.83,60.51,91.1,45.76,175.89,73.43,62.35
20130606,106.19,75.18,33.55,97.84,81.82,116.57,23.63,39.33,53.25,87.78,22.45,157.57,75.6,23.75,199.44,82.08,51.69,93.56,46.58,33.96,61.38,27.2,74.49,79.83,60.68,90.85,47.35,178,73.8,62.37
20130607,108.58,76.96,33.22,100.52,82.45,117.64,23.58,39.93,53.88,88.97,22.91,163.81,77.05,23.69,201.94,82.52,52.44,95.1,46.19,34.65,61.96,27.34,75.4,81.49,61.32,92.56,47.6,178.59,74.49,64.06
20130610,108.28,77.2,33.72,100.28,81.62,118.6,23.45,39.7,53.96,88.65,22.83,165.27,76.06,24.1,200.64,82.74,52.52,96.31,46.45,34.45,62.25,27.45,75.71,81.35,62.4,92.21,47.88,180.96,73.92,63.05
20130611,107.71,75.46,33.51,99.8,81.35,117.4,23.17,39.33,53.31,88.01,22.64,161.15,75.94,23.81,199.62,82.3,51.68,95.06,45.58,33.84,61.37,27.5,75.75,80.16,62.65,91.76,47.54,178.31,73.43,63.02
20130612,106.54,73.69,33.37,98.94,81.05,115.97,23.1,39.21,52.71,87.31,22.57,159.72,74.76,23.57,196.9,81.38,51.38,95.07,45.29,34,60.64,27.51,75.25,79.54,62.55,90.78,47.28,177.8,73.03,62.22
20130613,108.66,74.17,34.01,100.2,82.93,117.6,23.44,39.23,52.37,88.85,22.74,163.63,74.89,24.08,199.41,82.52,52.34,95.69,46.33,33.72,60.98,28.14,76.06,80.86,63.14,92.35,47.98,180.88,73.19,63.52
20130614,108.5,71.96,33.65,99.87,81.69,116.27,23.19,39.16,51.2,88.12,22.58,160.76,74.94,24.01,197.88,82.52,51.33,95.24,46.38,33.41,61.11,28.15,75.67,80.23,62.8,92.09,48.39,179.57,73.06,63.02
20130617,109.36,72.82,33.51,101.05,81.74,117.18,23.78,39.49,52.19,89.03,22.82,161.94,74.5,24.19,198.7,83.22,52.03,95.55,46.24,34,61.16,28.21,76.57,81.28,63.36,93.03,48.05,180.98,73.14,63.7
20130618,110.39,73.94,33.89,102.08,82.35,117.47,23.89,39.74,52.5,89.44,23.36,161.98,75.53,24.54,200.49,83.93,52.28,96.53,46.19,33.98,61.37,28.45,76.65,82.12,64.65,94.2,48.84,182.63,73.9,64.49
20130619,109.02,73.2,33.03,100.29,82.06,116.48,23.76,39.23,51.97,88.53,23.03,159.42,74.3,24.09,197.62,82.47,51.74,95.62,46.02,33.6,60.97,28.16,75.26,80.36,64.23,92.25,47.42,181.26,72.66,63.55
20130620,106.3,71.91,32.18,97.73,81.04,114.01,23.53,37.99,51.11,86.64,22.5,153.35,72.28,23.31,193.13,80.29,50.71,93.66,44.79,32.53,60.02,27.71,72.97,77.91,62.8,90.45,46.39,177.12,71.27,61.22
20130621,107.09,72.3,32.3,98.06,80.96,114.96,23.57,38.6,51.43,87.05,22.61,152.21,72.23,23.32,191.28,80.86,50.2,94.09,45.46,32.32,59.81,27.54,75.09,77.22,62.89,90.29,46.92,178.15,71.73,61.97
20130624,105.05,71.01,32.29,95.97,79.4,112.92,23.16,38.38,51.18,86.08,22.19,148.78,71.93,22.72,189.4,82.23,49.2,94.15,44.89,32.75,59.2,26.81,74.26,76.03,63.63,89.61,46.54,176.93,72.41,61.68
20130625,105.77,72.22,32.82,96.77,80.19,113.53,23.11,38.56,51.4,86.69,22.37,151.03,72.55,23.01,190.81,82.95,50.32,94.37,44.72,32.71,59.63,27.08,74.37,76.6,62.73,89.9,47.79,179.11,72.57,61.81
20130626,107.18,72.88,33.1,98.81,79.97,114.21,23.48,39.15,52.03,87.36,22.5,149.65,74.04,23.14,190.69,84.54,50.73,95.65,45.16,33.37,61.07,27.19,75.06,77.92,63.76,91.07,48,181.28,73.2,62.44
20130627,107.73,74.08,33.38,101.17,80.81,114.75,23.71,39.09,52.07,87.6,22.57,151.48,74.63,23.17,191.47,84.27,51.35,96.43,45.73,33.63,61.54,27.26,75.32,78.46,65.05,91.59,48.32,182.87,73.44,62.94
20130628,106.86,73.73,33.17,100.47,80.35,114.39,23.43,38.94,51.03,87.9,22.45,149.25,75.81,23.35,187.02,83.44,51.01,95.8,44.93,33.55,62.88,27.1,74.66,78.05,64.45,91.03,47.7,181.38,72.69,62.38
20130701,106.82,74.59,33.07,101.26,80.57,115.11,23.6,39.28,51.24,87.85,22.59,149.74,75.22,23.02,187.19,84.19,50.72,96.6,44.8,33.38,61.55,26.88,75.66,79.21,64.6,92.79,47.71,183.83,72.79,63.15
20130702,106.25,73.81,33.29,99.52,80.34,115.17,23.58,39.19,51.07,88.18,22.16,148.92,75.65,22.86,187.41,84.13,51.39,96.7,45.03,32.97,61.83,26.8,76.07,77.95,64.24,91.87,47.97,183.85,72.9,62.49
20130703,106.95,73.77,33.37,100.91,79.72,115.11,23.84,39.31,50.93,88.23,22.17,148.44,76.06,22.89,189.12,84.34,51.36,97.11,45.03,33.04,62.07,26.75,76.19,78.52,64.51,92.78,48.33,185.63,72.95,62.83
20130705,109,75.48,33.57,102.2,80.01,116.49,23.82,39.34,51.51,89.09,22.49,151.21,76.61,23.18,190.76,85.39,52.55,96.63,45.62,33.23,62.84,27.06,75.97,79.44,65.13,94.55,48.61,189.35,73.39,63.04
20130708,109.57,76.21,33.76,102.36,81.04,117.2,23.88,39.36,52.25,89.75,22.57,151.77,77.52,22.35,190.81,86.09,53.24,96.65,45.86,33.35,62.92,27.22,76.38,79.85,66.5,94.99,48.97,186.68,74.86,63.92
20130709,110.76,76.77,33.78,102.67,83.11,119.16,24.39,39.64,52.4,90.81,22.86,154.86,77.99,22.3,187.21,86.38,53.42,96.76,46.06,33.37,63.13,27.43,77.16,80.13,66.9,96.01,48.77,185.79,75.17,64.15
20130710,110.84,75.5,33.58,103.47,82.75,118.8,24.63,39.49,52.41,90.3,22.78,153.77,77.69,22.4,188.14,86.73,53.36,96.75,46.39,33.71,62.8,27.52,77.38,79.66,66.62,95.78,48.37,185.3,74.91,64.12
20130711,111.92,76.11,34.04,104.83,84.45,119.64,25.08,39.83,53.01,90.74,23.17,155.62,78.14,23.12,188.68,87.14,53.67,97.53,46.73,34.67,62.92,27.84,78.32,80.77,67.28,97.64,49.01,188.53,75.75,65.77
20130712,112.51,77.48,33.98,99.91,84.91,119.92,25.15,39.83,52.88,90.87,23,157.99,78.81,23.03,187.96,87.45,53.5,98.3,46.95,34.65,62.87,27.87,79.08,82.21,66.93,97.78,48.25,189.29,75.75,66.16
20130715,112.23,77.01,33.73,103.63,85.13,120.52,25.14,39.81,53.1,90.72,22.87,160.84,78.67,23.07,189.85,87.85,53.42,97.5,46.93,35.13,62.55,27.86,79.04,81.33,66.56,98.18,47.82,188.82,75.17,65.13
20130716,111.73,77.42,34.05,102.23,85.88,119.98,24.93,39.06,52.85,90.77,22.68,158.12,78.5,23.37,189.7,87.85,53.54,97.62,46.65,35.23,61.91,27.75,78.52,81.28,65.86,97.94,48.12,187.96,75.5,64.24
20130717,112.02,75.97,34.12,102.78,84.42,120.2,24.93,39.65,55.64,90.93,22.78,159.36,78.71,23.27,190.39,87.59,53.79,96.87,46.55,34.72,62.53,27.75,78.25,82.03,65.19,98.79,48.56,188.21,75.33,64.56
20130718,112.85,73.21,33.91,105.56,84.08,121.28,25.07,39.62,55.86,91.82,22.87,161.89,78.3,22.39,193.76,87.63,54.86,96.94,45.85,34.42,62.52,27.56,78.45,82.55,69.44,99.26,47.83,189.57,75.47,65.02
20130719,113.54,73.26,33.98,104.91,84.01,122.68,25.03,39.89,55.54,92.59,23.93,162.18,78.17,22.2,189.4,89.63,54.66,97.03,46.23,30.5,62.55,28.15,79.5,82.68,70.33,100.38,47.81,188.49,76.19,64.37
20130722,113.63,73.91,33.76,104.81,84.35,122.79,24.93,39.65,55.57,92.26,24.06,164.05,78.28,21.94,189.94,89.68,55.05,94.43,46.16,31.09,62.49,28.4,79.35,83.43,71.04,100.01,48.11,189.78,75.99,63.61
20130723,114.09,73.6,33.98,105.72,83.88,123.01,24.78,39.76,55.52,92.62,23.92,164.06,78.47,21.92,190.81,89.82,55.15,93.63,46.36,30.91,62.39,28.46,79.09,80.29,71.55,102.96,48.2,187.16,76.65,63.66
20130724,113.68,74.54,33.59,104.9,81.84,122.15,24.81,39.67,55.77,92.41,23.83,162.86,78.55,22.09,192.41,89.76,55.12,93.54,46.21,31.04,61.84,28.33,78.42,80.26,71.39,102.83,48.22,185.35,76.34,63.85
20130725,113.89,74.95,33.65,104.65,80.56,123.5,24.72,39.65,55.97,92.39,23.9,163.71,77.29,22.22,193,89.96,54.99,94.34,46.59,30.49,61.7,28.24,78.56,80.91,71.48,102.64,48.53,193.15,76.12,63.76
20130726,114.24,74.52,33.78,103.57,80.49,123.3,24.72,39.45,56.04,92.22,23.86,163.07,77.05,22.41,193.13,90.21,54.55,94.86,46.9,30.71,61.74,28.42,78.54,81.64,71.07,102.81,48.83,191.75,76.12,64.19
20130729,113.95,74.25,34.05,102.8,81.43,121.96,24.56,39.1,55.93,91.48,23.7,161.01,76.98,22.39,192.01,90.58,54.2,94.71,46.76,30.64,61.92,28.58,78.25,81.46,71.64,102.91,49.28,190.53,76.11,63.82
20130730,114.17,74.38,33.61,103.7,81.59,121.58,24.89,39.14,56.06,91.27,23.69,160.28,76.91,22.53,191.82,90.55,53.85,95.19,46.48,30.94,62.06,28.71,78.59,81.44,71.13,103.4,48.26,190,76.01,63.4
20130731,114.75,72.97,33.47,103.08,81.32,121.69,24.81,38.91,56.07,91.21,23.59,161.86,77.33,22.49,190.87,90.87,54.24,94.91,46.59,30.93,62.13,28.51,78.45,81.6,71.7,103.4,47.36,175.68,76.06,63.86
20130801,115.71,74.81,33.89,104.65,82.82,122.22,25.1,39.39,56.81,90.22,23.83,165.27,76.95,22.36,191.62,91.13,55.03,95.8,46.99,30.76,65.14,28.39,79.76,82.39,72.01,104.98,47.86,177.82,76.33,64.56
20130802,115.56,74.87,33.94,105.83,82.68,120.78,25.39,39.05,58.24,89.46,23.91,165.4,78.51,22.37,190.99,91.73,54.98,96,46.95,30.98,65.47,28.65,79.42,82.03,71.12,105.56,48.09,182.62,76.85,65.7
20130805,115.23,75.11,33.85,105.43,81.96,119.85,25.51,39.11,57.92,89.11,23.73,166.09,77.95,22.3,191.32,91.16,54.6,96.1,46.94,30.79,65.56,28.47,79.53,81.2,72.19,104.45,48.06,183.15,76.87,65.21
20130806,114.82,74.99,33.67,104.98,80.95,119.03,25.41,39.19,57.54,88.99,23.53,162.6,78.33,22.18,186.91,91.17,54.01,95.5,46.85,30.67,65.7,28.62,79.86,80.43,72.09,103.04,47.94,181.51,75.99,66.23
20130807,115.14,74.33,33.77,104.85,80.85,119.22,25.32,38.98,57.93,88.86,23.56,161.29,77.14,22.09,185.45,91.02,53.82,95.15,46.96,31.14,64.8,28.54,80.07,79.94,71.77,103.85,47.79,180.03,75.96,65.11
20130808,115.97,75.36,33.49,104.28,82.35,118.96,25.46,39.03,58.08,89.29,23.55,160.68,78.32,21.84,184.83,90.71,53.36,94.87,46.88,31.95,65.22,28.41,80.28,80.11,72.03,104.08,47.49,179.42,75.84,64.95
20130809,115.61,74.68,33.02,103.78,82.89,118.41,25.25,38.99,58.06,88.87,23.47,159.98,77.27,21.9,184.72,89.76,53.06,94.47,46.81,31.76,65.48,28.49,79.76,80.18,71.78,103.45,47.2,178.46,75.5,63.94
20130812,115.68,74.67,33.13,102.7,84.66,117.74,25.54,38.67,58.2,88.06,23.49,159.55,77.5,22.03,185.97,89.41,52.64,93.9,46.88,31.93,65.67,28.47,79.74,80.39,71.25,103.37,47.52,178.41,75.67,63.15
20130813,115.96,75.4,32.95,104.66,84.91,118.41,25.52,38.49,58.47,87.58,23.42,161.54,77.73,21.91,185.31,90.39,52.84,93.33,46.84,31.53,64.98,28.55,79.78,80.02,72.2,104.61,47.04,177.88,75.46,63.2
20130814,114.94,75.06,32.99,102.62,84.17,117.98,25.57,38.38,58.14,87.14,23.3,161.18,75.78,21.96,184.44,88.14,52.7,93,46.98,31.64,63.54,28.32,79.38,80.26,71.35,103.42,46.79,177.33,75.01,63.18
20130815,113.21,74.07,32.59,101.21,84.21,117.2,23.73,37.95,57.52,86.36,23.23,158.62,73.53,21.44,182.73,87.03,51.86,92.31,46.4,31.1,62.69,28.09,78.63,79.17,70.28,101.38,46.46,172.94,73.05,61.62
20130816,113.26,74.36,32.43,101.94,83.53,116.84,23.53,37.91,57.07,86.12,23.18,158.53,73.76,21.32,182.28,86.85,51.86,91.96,46.14,31.11,62.85,27.67,78.06,79.2,70.31,101.47,45.66,172.14,72.76,61.41
20130819,112.97,73.53,32.06,103.18,82.59,115.65,23.53,37.65,56.34,85.15,23.08,156.53,73.59,21.68,181.19,87.9,50.44,92.4,46.02,30.71,63.9,27.76,77.76,78.35,70.58,101.03,45.46,173.98,72.24,61.08
20130820,112.79,73.47,32.14,103.09,82.25,115.29,23.58,37.52,56.34,85.06,22.96,157.45,72.69,21.91,181.52,87.2,50.73,92.41,46,30.93,63.82,27.83,77.7,78.39,71.32,100.8,45.85,172.23,71.89,61.13
20130821,111.45,72.64,31.77,102.38,81.35,114.71,23.34,37.16,55.97,84.66,22.85,155.03,72.15,21.57,181.81,86.3,50.25,92.04,45.91,30.92,63.32,27.55,77.55,77.56,70.72,100.11,45.24,177.37,72.21,60.39
20130822,112.67,73.06,32.09,103.59,82.56,115.29,23.28,37.19,56.36,85.21,23.02,157.3,72.41,21.66,182.14,85.77,50.81,92.38,46.24,31.68,64.04,27.47,77.93,78.67,70.84,101.35,45,177.9,72.12,60.89
20130823,112.41,72.85,32.54,103.92,82.28,116.5,23.13,37.4,56.7,85.74,23.02,156.55,72.3,21.83,182.36,86.57,50.92,92.06,46.17,33.99,63.4,27.64,78.17,78.31,71.4,101.2,45.57,178.08,72.1,60.98
20130826,112.34,72.81,32.09,103.97,81.96,115.82,23.1,37.01,56.38,85.31,22.85,155.81,73.81,21.67,181.69,85.7,50.41,92.23,46.06,33.41,63.12,27.33,76.73,78.25,71.24,100.7,44.93,174,71.7,60.6
20130827,110.77,71.13,31.97,101.69,81.11,115.79,22.76,37.04,55.57,85.05,22.44,151.2,72.53,21.59,179.73,84.37,49.25,91.78,45.57,32.53,62.02,27.31,76.18,77.87,70.39,98.38,44.94,173.18,71.53,59.95
20130828,111.03,71.23,31.86,101.75,80.87,118.72,22.73,37.23,55.61,87.03,22.45,151.44,73.42,21.69,179.16,84.73,49.23,92.98,45.55,32.3,62.57,27.52,75.08,78.02,70.41,98.42,44.56,174.21,71.06,60.07
20130829,111.35,71.44,31.93,103.38,80.95,117.32,22.73,36.99,55.49,85.49,22.37,152.09,73.44,21.46,179.63,84.76,49.34,92.54,45.56,32.82,62.89,27.41,75.53,78.37,71.3,98.89,45.77,174.37,71.11,60.34
20130830,111.6,71.13,32.1,102.39,80.96,117.37,22.6,37.07,55.45,85.38,22.4,150.61,72.89,21.39,179.26,84.61,49.18,92.05,45.74,32.67,62.24,27.52,76.1,78.03,70.61,98.54,45.35,173.43,71.65,60.09
20130903,111.25,71.65,31.62,103.46,80.93,117.49,22.76,36.79,55.22,85.37,22.32,153.21,72.69,21.47,180.93,84.62,49.76,92.21,45.66,31.18,63.69,27.32,75.96,78.69,71.42,101.06,44.04,176.01,71.35,60.19
20130904,112.56,72.35,32.02,104.8,81.94,117.79,23.04,37.42,56.04,85.97,22.43,154.18,72.93,22.03,180.11,85.09,50.48,92.83,46.12,30.52,64.52,27.67,75.71,79.17,72.2,101.75,44.77,175.19,71.58,60.36
20130905,112.87,73,31.64,105.08,81.36,118.29,22.97,37.12,56.42,85.57,22.42,154.61,71.8,21.99,181.11,85.23,50.72,93.32,45.95,30.55,64.77,27.58,75.36,78.77,72.88,102.06,44.64,175.21,71.34,60.55
20130906,113.04,72.56,31.7,104.51,81.79,118.13,22.83,37.23,55.93,85.47,22.42,155.09,71.51,22.06,180.01,85.34,51.15,93.9,45.94,30.47,64.38,27.58,75.37,79.1,72.89,101.62,44.35,175.66,71.27,60.64
20130909,114.71,72.86,31.91,105.61,83.95,119.12,23.19,37.4,56.31,86.24,22.64,157.89,72.38,22.29,181.93,85.73,51.45,94.09,46.18,30.97,64.79,27.6,76.36,80.77,73.08,102.85,43.94,177.53,72.17,60.84
20130910,115.54,73.79,32.23,106.57,84.95,119.89,23.42,37.5,56.84,86.03,23.1,163.49,73.38,22.36,183.52,86.68,52.23,94.52,46.41,31.68,66.2,27.75,76.16,81.11,73.46,104.6,44.48,183.54,72.61,62.06
20130911,116.64,74.37,32.23,107.62,85.46,120.78,23.64,37.65,57.61,87.03,23.32,163.41,73.81,22.19,187.56,87.37,51.84,95.07,46.56,32.03,66.96,27.97,76.47,82.28,74.28,106.15,44.52,185.25,72.7,63.16
20130912,116.14,74.47,32.62,108.18,85.17,120.75,23.55,37.59,56.86,86.19,23.08,161.72,74.17,22.02,187.58,87.15,50.84,94.8,46.7,31.98,67.45,27.61,76.46,81.68,73.84,106.15,45.32,184.01,72.56,64.69
20130913,116.54,74.48,32.57,109.69,85.34,120.99,23.58,37.83,57.66,86.6,23.02,162.36,73.88,22.81,189,86.72,51.18,94.97,46.64,32.31,67.28,27.81,77.23,82.11,73.58,106.7,45.71,187.92,73,65.88
20130916,117.15,74.78,32.8,113.96,85.51,120.93,23.64,38,58.46,86.86,23.36,165.36,74.31,22.76,189.96,87.17,51.72,95.32,47.03,32.08,67.56,28,78.32,83.11,74.22,107.99,46.23,188.3,73.42,66.12
20130917,117.84,76.09,32.97,115.38,85.4,121.18,23.63,37.93,58.39,87.13,23.66,165.75,74.56,23.1,188.99,87.2,51.67,95.52,46.86,32.21,67.68,27.94,77.99,83.4,73.42,108.67,46.49,190.51,73.78,66.16
20130918,119.18,76.8,33.16,116.65,86.16,122.63,24.04,38.71,59.19,87.75,24.06,166.38,76.11,23.25,191.21,88.04,51.98,96.28,47.24,32.59,68.83,28.33,78.45,84.42,72.16,109.28,46.63,192.55,75.03,66.29
20130919,119.45,76.73,33.03,117.28,86.07,122.26,23.86,38.44,59.08,87.46,23.86,166.1,77.23,23.26,190.2,88.19,51.34,95.52,47.1,32.91,68.85,28.13,78.28,85.4,69.99,110.25,46.43,193.6,74.82,64.92
20130920,117.92,76.48,32.56,114.91,83.12,121.75,23.76,38.53,58.19,86.85,23.42,168.05,75.74,23.13,186.89,87.81,51.39,94.53,46.86,32.07,68.72,28.26,77.56,84.57,69.72,107.87,45.73,197.7,74.45,64.22
20130923,119,75.61,32.47,115.78,83.4,122.33,23.53,37.78,58.18,85.96,23.68,163.6,74.67,22.98,187.84,87.23,50.08,94.9,46.53,32.03,68.34,28.09,77.46,84.89,70.96,107.71,45.92,195.12,75.03,63.96
20130924,118.7,75.25,32.35,117.25,83.48,121.33,23.4,37.68,58.09,85.58,23.72,161.34,74.8,23.06,186.84,86.38,48.97,95.39,46.39,31.74,68.78,28,76.81,84.38,71.45,108.28,45.24,192.24,74.37,63.54
20130925,118.11,75.17,32.31,116.76,82.88,120.92,23.68,37.48,58.09,85.36,23.63,160.69,74.29,23.06,186.35,85.26,50.32,95.23,46.52,31.8,68.28,27.79,75.93,84.49,71.11,107.56,44.94,190.47,73.29,63.66
20130926,118.56,75.49,32.48,117.62,82.59,120.36,23.04,37.88,58.28,85.29,23.65,160.67,74.83,22.78,187.08,85.25,50.5,95.79,46.53,32.06,69.69,27.82,76.25,84.34,71.29,107.95,45.62,192.46,73.26,64.44
20130927,118.13,75.07,32.24,116.99,82.19,119.53,22.62,37.55,57.79,85.13,23.46,158.25,74.72,22.36,183.84,84.92,50.84,94.74,46.64,32.54,72.96,28.17,75.43,83.93,71.12,107.65,44.98,191.95,73,64.4
20130930,117.33,74.7,32.09,115.77,81.8,118.42,22.71,37.04,57.35,84.29,23.3,156.63,74.61,22.3,182.13,84.88,50.31,93.85,46.47,32.55,71.96,28.02,73.85,83.3,70.75,106.14,44.67,190.01,72.61,63.7
20131001,117.54,75.11,32.32,116.01,82.15,118.24,22.7,37.11,57.47,84.25,23.57,157.41,75.01,22.21,183.31,85.65,50.57,93.78,47.57,32.85,71.75,28.18,74.41,83.2,71.71,105.7,44.97,192.12,72.25,64.04
20131002,117.13,74,32.21,116.1,82.46,117.76,22.77,36.6,57.77,84.32,23.73,157.08,75.07,22.27,181.91,85.47,51.07,92.95,47.21,33.18,71.22,28.3,74.18,83.02,71.7,103.34,44.78,190.73,72.38,64.09
20131003,116.49,73.44,31.92,113.54,82.36,115.25,22.47,36.34,56.56,83.76,23.51,155.28,74.64,21.99,180.83,84.77,50.92,92.35,47.2,33.12,70.97,28.06,74.09,82.61,71.65,102.07,44.99,187.58,71.83,63.24
20131004,117.32,73.73,32.02,115.47,82.59,115.13,22.48,36.38,57.44,84.56,23.46,154.98,74.54,22.19,181.06,85.49,51.64,92.38,47.07,33.14,71.47,28.29,74.27,83.21,72.11,102.64,45.08,189.4,71.47,64.5
20131007,116.62,72.37,32.26,114.97,81.93,114.88,22.35,36.23,56.91,84.15,23.35,152.71,73.9,22.21,179.01,84.78,50.82,92.05,46.74,32.57,70.68,27.92,73.91,82.63,71.3,102.41,45.26,185.27,70.56,63.8
20131008,115.12,71.65,31.84,113.74,81.26,113.77,22.11,36.46,55.89,83.77,23.09,151.52,73.06,21.87,175.77,83.82,49.87,91.64,46.6,32.29,69.63,27.55,74.57,81.55,70.62,101.16,44.57,181.49,71.57,63.22
20131009,115.52,71.65,32.45,112.78,81.92,113.18,21.97,36.26,55.76,83.42,22.99,152.9,72.93,21.98,178.33,84.17,49.76,90.99,46.13,32.35,70.23,27.59,75.18,80.93,70.52,101.24,44.72,182.8,71.67,62.81
20131010,117.26,74.08,32.84,117.15,83.11,113.43,22.47,36.94,57.08,84.29,23.65,156.43,74.28,22.48,181.72,85.95,51.49,92.13,46.35,33.02,72.76,28.06,76.1,82.71,73.09,104.27,45.36,187.95,73.43,64.78
20131011,118.62,74.81,32.89,116.24,83.97,114.68,22.73,36.93,56.73,85.18,23.8,158.4,75.07,22.63,183.09,87.58,51.48,92.42,46.15,33.39,72.78,28.01,76.67,83.2,73.38,105.34,45.58,191.11,73.46,65.4
20131014,119.29,75.47,32.62,117.7,84.59,115.57,22.79,37.07,57.15,85.81,23.78,157.86,75.1,22.82,183.89,87.93,51.68,92.4,45.63,33.7,73.37,28.63,76.93,83.73,73.82,105.23,45.31,192.34,73.32,66.02
20131015,117.73,74.66,32.42,116.44,84.11,115.15,22.64,36.83,56.94,85.02,23.59,156.05,73.95,22.76,181.61,88.05,51.29,91.5,45.45,33.74,73.02,28.44,75.81,83.02,72.98,104.15,44.83,190.28,73.01,65.63
20131016,118.83,75.72,32.89,118.57,84.62,116.14,22.46,37.16,57.84,85.53,23.76,160.63,73.72,23.06,183.65,89.21,52.94,92.89,46.04,33.88,73.83,29.07,77.14,84.59,74.29,104.77,45.73,194.52,74.22,65.54
20131017,120.49,79.6,33.12,120.49,84.79,116.49,22.25,37.7,58.41,85.7,24.07,156.74,74.5,23.27,171.95,90.05,53.15,93.13,45.98,34.16,73.85,29.52,78.2,84.53,70.51,106.33,47.33,197.15,74.4,65.61
20131018,120.7,79.89,33.28,120.71,86.26,116.61,22.42,37.92,58.39,85.76,24.92,157.1,73.47,23.24,170.91,89.72,53.24,92.87,45.49,34.2,75.22,29.76,78.19,85.08,67.93,106.06,48.41,199.31,74.33,66.33
20131021,121.1,79.77,33.87,119.68,86.62,116.78,22.39,37.96,58.23,85.45,25.5,158.17,73.4,23.49,170.01,89.3,53.21,92.27,45.39,34.23,75.38,29.65,77.76,85.26,67.38,105.94,48.96,198.9,73.78,66.79
20131022,121.65,80.24,33.88,120.67,88.07,117.58,22.12,38.23,58.92,86.19,25.38,157.66,73.64,23.42,172.08,90.43,52.57,92.79,45.35,33.83,75.25,29.93,79.14,85.21,68.03,104.47,49.5,198.84,74.93,68.16
20131023,121.06,80,33.93,127.12,82.73,117.08,21.74,38.23,58.97,85.82,25.07,156.16,73.85,23.1,172.87,90.18,51.72,91.9,45.44,33.02,74.86,29.85,79.67,84.79,67.19,104.73,49.19,197.76,74.52,67.29
20131024,121.34,80.27,33.3,127.08,83.49,117.5,21.85,37.94,60.11,86.62,25.3,158.36,75.53,23.14,174.87,90.42,51.45,92.36,45.11,32.98,74.81,29.86,79.37,85.52,66.8,105.39,48.8,201.76,75.03,68.21
20131025,122.25,81.96,33.84,129.26,83.73,117.53,21.93,38.17,60.62,86.18,25.24,160.47,75,23.59,173.93,90.17,51.74,92.46,45.42,34.95,75,29.86,78.77,85.13,66.81,105.84,49.08,201.9,74.69,68.42
20131028,122.75,82.11,34.2,127.96,83.24,117.84,22.02,38.73,60.29,86.43,25.45,159.83,74.82,23.7,174.43,90.46,51.65,93.03,44.26,34.79,74.81,29.98,80.05,85.6,66.13,104.34,48.95,201.92,75.73,68.16
20131029,123.1,83.01,34.88,127.75,83.04,118.42,22.29,38.92,60.21,87.12,25.56,160.49,76.23,23.86,179.12,91.2,51.7,93.7,44.49,34.75,75.2,30.48,81.19,85.77,67.26,104.76,49.45,203.08,75.65,68.08
20131030,122.62,82.45,34.87,127.77,82.46,117.25,22.18,38.74,59.76,87,25.72,160.43,76.61,23.84,177.18,90.86,51.57,93.68,44.15,34.76,75.42,30.17,80.27,85.4,67.19,104.3,48.91,202.66,75.51,67.64
20131031,123.66,81.16,34.81,128.58,82.33,116.92,22.03,38.69,59.93,87.79,25.5,159.25,76.62,23.81,176.25,90.68,50.53,94.16,44.01,34.64,75.06,29.94,79.51,84.81,67.44,104.59,48.89,195.55,75.35,67.75
20131101,123.71,81.52,34.85,131.07,82.56,115.02,22.04,38.73,59.83,87.99,25.89,160.43,75.73,23.67,176.27,91.42,51.48,94.86,44.14,34.75,75.35,30.4,79.9,84.9,67.8,105.83,48.87,198.03,75.66,68.17
20131104,124.12,81.29,35.05,130.83,82.86,115.1,22.05,38.64,59.06,90.22,25.78,161.53,75.74,23.61,177.3,91.09,51.02,94.93,44.62,35.16,75.66,30.49,80.08,85.1,68.12,106.3,49.44,195.3,75.92,67.97
20131105,123.92,81.26,34.17,131.6,83.02,115.44,22.53,38.63,59.05,90.11,25.77,160.33,75.4,23.6,174.92,90.87,50.93,95.02,44.27,35.84,76.48,30.47,80.18,84.96,67.89,106,48.49,196.25,76.01,68.01
20131106,124.92,81.48,34.44,131.61,83.18,118.07,22.73,39.16,59.51,91.32,26.24,161.88,75.17,23.82,177.18,91.1,51.08,95.5,44.86,37.35,76.05,30.44,81.54,85.98,69.44,106.97,48.99,197.89,76.73,68.16
20131107,124.21,80.29,33.76,130.04,82.62,116.87,22.57,38.95,59.59,90.7,25.94,158.04,74.45,23.63,177.98,90.76,50.64,94.82,44.72,36.68,75,30.38,81.05,85.71,68.92,105.6,48.56,194.98,76.1,66.33
20131108,125.76,81.14,33.82,132,83.2,118.11,22.96,39.16,60.72,91.46,26.38,161.54,74.25,23.66,177.97,92.09,52.9,94.63,45.68,36.96,76.4,30.79,81.24,86.28,69.65,106.86,48.59,197.16,76.54,67.74
20131111,125.72,80.76,33.69,131.05,83.11,118.01,22.9,38.99,60.8,91.68,26.34,162.2,74.14,23.74,180.83,92.32,53.04,94.71,45.87,36.77,76.44,30.71,81,86.45,69.65,106.39,48.36,198.14,77.57,67.51
20131112,126.13,80.4,33.82,130.85,82.82,116.95,23.17,39,60.77,91.4,26.38,161.26,74.94,23.99,181.02,91.61,52.91,95.27,46.45,36.55,76.15,30.85,81.53,84.94,69.11,105.77,48.55,197.14,77.27,66.94
20131113,126.35,80.8,33.72,131.68,83.16,117.04,23.44,39.23,60.11,91.32,26.48,161.31,76.33,24.16,181.49,91.39,53.08,95.71,46.2,37.33,77.13,31.33,82.22,85.71,70.16,106.37,48.39,199.04,77.46,68.13
20131114,127.53,81.25,33.81,133.58,82.73,117.5,20.87,39.32,60.95,91.94,26.32,161.57,77.65,23.95,180.17,91.96,53.34,95.17,46.67,37.19,77.91,31.46,83.02,86.72,70.58,107.59,48.66,199.41,77.64,69.17
20131115,127.59,82.15,34.07,134.56,82.71,118,21.04,39.33,61.27,93.96,26.53,162.76,78.72,24.08,181.14,92.42,53.8,94.55,46.92,37.01,78.48,31.65,83.54,87.14,71.01,107.49,48.7,201.26,77.78,69.15
20131118,127.86,81.7,34.23,136.82,83.01,118.49,20.79,39.28,60.86,94.14,26.55,164.02,78.37,24.16,182.4,92.33,54.65,95.26,46.86,36.39,77.85,31.46,83.27,86.65,70.82,108.02,49.13,199.16,77.78,68.65
20131119,127.79,81.81,34.35,135.45,82.64,119.96,20.92,39.25,60.66,94.11,26.36,164.93,79.07,24.26,183.17,92.88,55.05,95.58,46.92,36.21,77.09,31.12,83.04,86.57,70.75,107.99,49.15,196.66,77.8,68.28
20131120,127.55,81.61,34.04,130.97,81.66,119.9,20.73,39.17,59.97,93.38,26.3,163.35,78.45,24.12,183.11,93.17,55,95.15,46.97,36.55,77.12,31.38,83.39,86.41,71.11,107.72,48.78,197.39,77.46,68.39
20131121,128.71,83.29,33.94,131.45,81.11,121.34,20.97,39.54,60.77,93.39,26.25,165.4,78.53,24.78,182.07,93.21,56.1,95.31,47.45,36.86,77.36,31.43,83.37,87.68,72.03,108.65,48.76,200.87,77.42,69.09
20131122,129.37,83.19,34.06,134.45,81.86,121.9,20.96,39.54,60.86,93.71,26.41,166.42,77.89,23.44,179.27,93.91,56.34,95.86,47.76,37.03,78.14,31.57,83.64,88.95,72.85,109.08,48.61,201.38,78.35,69.34
20131125,129.58,83.93,34.01,131.52,83.36,121.61,20.77,39.48,60.75,93.78,26.07,167.78,78.45,23.33,176.93,94.29,56.52,96.5,48.47,37.1,78.39,31.59,84.1,89.22,73.18,109.19,48.41,201.19,78.96,68.89
20131126,130.49,84.42,33.93,133.28,83.32,120.67,20.71,39.36,60.49,92.98,26.12,166.36,79.04,23.23,175.32,93.73,56.05,95.8,48.39,36.81,78.86,31.35,83.34,89.22,73.62,109.81,48.44,202.77,79.21,70.31
20131127,131.82,84.92,34.05,133.22,83.63,120.32,20.77,39.58,60.71,92.51,26.17,167.08,79.34,23.47,176.96,93.65,56.35,95.47,48.63,37.06,78.59,31.34,82.98,89.42,73.47,110.38,48.33,203.24,79.45,69.91
20131129,131.83,85.13,33.86,132.75,83.56,120.33,20.75,39.58,60.55,92.2,26,167.8,79.35,23.41,177.67,93.33,56.1,95.78,48.63,37.58,78.4,31.19,82.93,89.17,73.58,109.73,48.03,202.71,79.53,69.68
20131202,126.07,84.62,33.46,132.66,83.21,120.24,20.6,39.47,60.9,92.24,26,168.57,78.47,23.28,175.49,92.96,55.86,94.93,48.97,37.9,78.35,31.29,82.06,87.46,73.27,109.19,47.68,204.37,79.63,70.05
20131203,125.01,83.95,33.41,130.53,82.84,120.41,20.76,39.73,59.68,93.09,25.9,166.92,77.8,23.13,174.11,92.65,55.75,94.8,48.56,37.76,78.39,30.69,82.54,87.49,72.84,108.57,48.01,201.01,79.73,69.05
20131204,124.87,83.84,33.27,130.03,82.94,119.68,20.75,39.75,59.44,93.37,25.98,167.56,77.5,23.32,173.77,92.32,56.07,94.14,48.13,38.38,78.09,30.74,82.07,87.08,73.04,107.83,47.79,201.99,79.22,69.12
20131205,125.23,83.88,32.94,131.25,83.37,119.02,20.42,39.22,59.3,92.84,25.8,164.44,77.64,23.83,174.11,91.67,54.73,93.87,47.64,37.45,78.22,30.72,81.42,86.4,72.15,107.94,47.34,200.97,78.45,69.37
20131206,126.99,85.26,33.2,133.67,84.45,120.19,20.78,39.84,60.51,94.34,26.28,166.08,78.92,24.38,175.68,93.12,54.96,95.21,48.2,37.81,79.12,31,83.22,87.97,72.89,109.99,47.89,201.13,78.94,70.59
20131209,126.95,85.08,33.36,133.18,85.03,121.22,20.72,39.78,60.56,94.52,26.52,166.54,78.68,24.48,175.47,93.12,55.4,94.15,48.37,38.15,79.04,31.04,83.48,87.42,73.11,110.05,47.98,200.85,78.95,70.24
20131210,125.94,84.62,33.08,132.21,85.36,121.53,20.71,39.24,60.61,94.4,26.47,168.58,77.71,24.38,175.13,92.82,55.59,93.87,48.24,37.56,78.48,30.81,82.36,87.41,73.44,109.85,47.48,198.7,78.09,70.7
20131211,125.17,83.24,32.65,131.08,84.23,120,20.39,39.52,59.47,92.97,25.92,166.47,78.09,23.98,173.24,91.8,54.97,93.7,47.77,37.07,76.13,30.13,82.73,86.08,71.54,107.56,46.93,204.9,78.1,69.66
20131212,124.99,82.65,32.59,131.48,84.52,118.91,20.03,38.61,59.14,94.05,25.89,167.19,77.63,24.03,171.43,89.88,55.21,92.56,47.59,36.68,75.76,29.73,81.03,85.62,70.42,106.99,46.59,202.69,77.52,69.63
20131213,124.84,83.03,32.55,132.34,84.99,117.84,19.77,38.63,59.42,94,26.18,167.25,78.1,23.86,170.86,90.07,55.07,92.89,47.65,36.16,75.93,29.73,81.1,85.48,69.9,106.26,46.31,206.6,77.1,69.62
20131216,126.05,83.86,32.84,133.22,86.3,118.15,20.2,38.67,60.02,95.89,26.31,169.8,78.19,24.01,175.86,90.09,55.32,93.89,47.36,36.36,75.97,29.73,80.43,86.03,70.47,107.43,46.71,206.99,76.77,70.51
20131217,129.74,83.45,32.55,134.36,85.85,116.7,20.43,38.5,60.35,95.42,26.36,169.34,77.72,24.22,173.79,89.39,54.63,92.83,47.17,35.99,76.28,29.63,79.67,85.56,70.15,106.53,46.03,212.46,76.28,70.66
20131218,134.09,85.32,33.06,133.98,87.08,119.51,20.51,39.41,61.35,98.17,26.73,173.66,79.13,24.7,176.7,91.34,56.12,94.36,48.16,36.05,78.06,30.25,81.11,87.11,71.78,108.69,46.92,214.56,76.96,72.2
20131219,134.69,85.73,33.13,133.66,86.46,121.1,20.58,39.25,61.86,98.06,26.86,173.59,79.03,24.69,178.2,90.69,56.11,93.58,48.05,35.73,77.77,30.19,80.64,87.75,71.79,108.39,46.88,215.28,76.27,72.97
20131220,135,86.88,32.98,135.15,87.84,120.67,20.63,39.43,61.7,97.33,26.9,173.98,79.12,24.61,178,90.8,56.57,94.93,48.57,36.27,76.86,29.73,80.58,88.14,72.74,109.54,46.54,215.17,76.46,72.4
20131223,135.08,87.62,33.36,134.88,88.85,120.69,21.06,39.55,61.89,97.16,26.94,175.28,79.63,24.87,180.19,90.74,57.1,94.72,48.61,36.09,76.63,29.83,80.06,88.12,73.74,109.69,47.02,217.23,76.89,73.28
20131224,135.27,88,33.61,135.3,89.79,121.39,21.18,39.58,62.96,97.86,27.15,174.97,79.71,24.98,181.17,90.77,57.11,94.96,48.66,36.55,77.18,29.77,80.06,88.44,73.52,110.34,47.41,217.92,77.03,73.85
20131226,136.55,88.3,33.81,136.73,90.03,122.66,21.29,39.87,63.38,99.51,27.36,175.26,80.61,25.24,183.27,91.24,57.06,95.25,48.97,36.9,77.71,30.03,80.5,88.96,74.23,111.54,47.6,219.39,77.41,74.62
20131227,137.6,88.49,33.83,135.37,89.75,123.08,21.5,40.04,63.38,100.12,27.36,175.16,80.7,25.14,183.01,91.06,57,95.32,49.03,36.75,77.68,30.12,80.75,88.8,74.07,111.65,47.59,218.86,77.49,74.35
20131230,137.67,88.89,33.85,134.4,89.75,122.09,21.73,40.46,63.77,98.93,27.42,174.54,81,25.39,184.32,91.01,56.82,95.42,49.18,36.75,78.25,30.17,80.74,89.23,74.16,111.58,47.57,220.1,77.65,76.23
20131231,138.48,90.02,33.81,134.97,89.69,122.76,21.9,40.68,64.09,99.81,27.56,176.06,81.39,25.5,185.47,90.31,57.34,95.44,49.29,36.87,78.15,30.11,80.16,89.48,74.68,112.64,47.56,221.86,77.7,76.4
20140102,136.39,88.75,33.61,135.15,88.76,122.01,21.65,40.04,62.85,98.38,27.04,175.7,81.08,25.33,183.45,89.75,57.44,94.83,48.74,36.63,77.76,29.94,79.3,88.29,73.95,111.35,47.43,220.2,77.92,76.27
20140103,136.71,89.04,33.46,136.08,88.71,122.21,21.63,39.84,62.92,98.14,27.02,176.95,80.95,25.32,184.55,90.56,57.89,94.96,48.98,36.38,77.55,30,79.21,88.12,74.48,111.75,46.87,220.35,77.66,76.11
20140106,135.9,89,33.62,136.87,87.55,121.89,21.66,39.66,62.11,98.29,26.8,178.16,80.17,25,183.92,91.04,58.22,94.28,48.99,35.61,76.95,30.03,79.4,87.88,73.63,111.64,47.13,219.02,77.23,75.82
20140107,135.92,88.66,33.61,138.94,87.84,122.92,21.95,39.77,61.49,99.68,26.83,177.09,80.56,25.13,187.58,92.97,57.55,94.8,49.35,35.89,77.01,30.22,80.17,87.37,75.88,112.36,47.72,220.69,77.47,76.34
20140108,134.91,88.94,33.36,139.25,88.04,121.17,21.93,39.33,62.27,99.36,26.75,177.24,80.99,24.98,185.86,92.84,58.1,93.85,49.03,35.25,76.61,30.42,79.01,86.56,75,112.49,47.45,221.4,76.86,75.22
20140109,134.73,88.41,32.68,140.54,88.61,121.17,21.74,39.12,63.07,98.39,26.76,176.2,80.63,24.86,185.28,93.4,57.99,93.9,48.77,35.02,76.61,30.4,79.18,86.66,75.45,112.55,46.48,221.09,77.11,74.9
20140110,134.47,88.08,32.76,140.32,89.4,118.93,21.86,39.52,62.68,99.14,26.51,177.19,81.07,25.07,185.16,93.41,57.72,94.23,49.12,35.52,76.44,30.17,79.07,86.47,74.08,112.67,46.72,220.32,77.06,75.39
20140113,132.99,86.53,32.45,139.13,88.78,117.2,21.84,38.93,61.81,97.2,26.28,174.69,80.04,25.04,182.1,93.18,56.94,93.28,52.31,34.48,74.71,30.02,78.78,85.33,73.33,111.65,46.02,218.09,76.52,73.27
20140114,135.68,86.66,32.62,138.45,89.45,117.51,22.05,39.08,62.69,97.76,26.52,175.41,80.08,26.04,183.84,93.39,56.98,93.66,52.2,35.26,74.7,30.47,79.63,86.43,73.41,111.49,46.07,221.83,76.98,74.45
20140115,136.7,87.79,32.93,139.05,91.27,117.13,22.42,39.15,62.87,97.42,26.88,177.54,80.14,26.19,185.64,93.47,58.71,93.9,51.72,36.23,74.96,30.65,79.55,86.85,74.22,112.91,47.23,222.94,76.69,74.28
20140116,136.42,87.32,33.09,138.65,91.47,116.79,22.42,39.1,63.12,97.58,26.74,173.99,80.33,26.07,186.64,93.31,58.21,94.49,51.7,36.36,74.33,30.64,79.32,86.22,72.16,113.06,47.48,220.95,75.8,74.21
20140117,135.58,90.49,32.84,138.89,90.9,117.24,22.38,38.68,63.15,97.8,26.13,175.09,80.07,25.39,187.96,93.73,57.35,93.38,51.16,35.86,72.94,30.56,78.65,85.46,71.92,113.05,47.31,231.33,75.24,73.98
20140121,135.27,90.11,32.71,140.09,90.07,118.29,22.47,39.31,62.87,97.15,25.85,172.03,79.53,25.13,186.32,92.71,57.4,93.52,51.04,35.65,73.29,30.7,78.95,84.01,72.56,113.82,46.67,231.08,74.89,74.2
20140122,134.76,90.65,32.49,142.76,89.12,118.36,22.47,39.29,62.17,96.54,25.55,172.51,79.28,24.86,180.21,93,56.83,93.33,50.57,35.41,73.04,30.74,78.6,83.57,72.79,114.94,46.31,232.13,74.41,75.31
20140123,133.01,88.7,32.94,139.73,87.96,116.35,22.2,38.64,60.91,95.64,25.39,169.6,79.32,24.68,180.68,91.44,55.73,93.76,50.82,35.54,72.28,30.48,77.62,82.1,72.6,113.67,46.83,227.41,74.02,74.79
20140124,128.58,86.49,32.57,135.13,85.67,114.29,21.85,38.25,59.16,93.55,24.53,166.51,78.25,24.37,177.63,89.34,54.36,92.88,51.19,36.28,71.21,29.58,78.55,80.66,71.01,110.66,46.6,220.44,73.49,72.72
20140127,127.34,85.27,32.65,135.83,90.76,114.43,21.65,38.14,59.42,93.62,24.65,163.58,78.03,24.28,175.91,88.68,54.36,92.53,51.73,35.51,71.45,29.15,77.85,81.33,71.06,112.63,46.66,215.42,73.22,72.25
20140128,128.18,86.18,32.84,135.56,91.93,114.83,21.4,38.28,58.76,94.34,25.03,165.13,77.64,24.45,174.87,88.84,55.01,92.64,52.07,35.75,72.26,29.9,78.48,82.13,71.12,112.7,46.34,220.15,73.73,72.88
20140129,128.61,85.1,32.46,128.33,90.09,114.01,21.3,37.32,59.89,93.8,24.87,162.79,75.8,24.24,174.42,87.65,54.8,91.62,51.42,36.13,71.33,29.6,77.02,81.25,70.67,112.12,46.66,216.32,73.17,71.33
20140130,126.44,86.16,32.5,125.12,92.65,114.45,21.63,37.59,60.71,92.7,25.07,164.72,76.05,24.3,175.37,88.25,55.26,92.26,52.7,36.33,73.48,30.3,76.26,81.4,72.2,113.51,46.6,220.07,73.81,73.22
20140131,126.58,84.57,32.47,123.86,93.36,109.71,21.56,37.24,60.18,90.89,24.71,163.01,75.97,24.1,174.7,87.23,54.63,92.63,52.17,37.3,72.4,29.88,76.01,80.33,71.68,112.86,46.99,214.64,73.74,72.61
20140203,122.34,82.42,31.13,121.71,91.88,109.23,21.21,36.63,59.18,88.81,23.94,158.74,74.23,23.52,170.96,85.56,53.6,91.5,51.29,35.95,70.44,30.08,75.1,79.32,70.16,109.04,45.41,212.68,71.75,69.99
20140204,125.13,83.56,31.62,120.68,91.96,108.92,21.45,36.91,60.78,88.78,24.16,160.67,74.11,23.39,170.9,85.41,54.23,91.57,52.7,35.83,70.07,30.9,75.49,79.41,69.93,107.99,45.81,213.75,71.82,71.05
20140205,125.76,83.28,31.26,120.05,91.42,107.64,21.63,37.04,61.06,88.35,24.11,159.34,74.39,23.32,172.29,86.06,54.48,92.05,52.72,35.3,70.16,30.38,75.84,79.5,70.23,106.81,45.68,214.82,71.96,71.76
20140206,127.28,85.24,31.18,121.3,93.28,109.36,22.13,37.45,62.11,89.19,24.53,160.66,75.28,23.79,173.66,87.51,55.74,93.39,52.95,35.66,71.07,30.57,76.29,79.75,70.28,108.34,45.67,218.2,71.91,75.56
20140207,128.69,86.54,31.47,125.6,94.31,110.12,22.31,37.37,62.59,89.97,24.77,160.84,75.57,24,176.22,88.78,55.87,94.35,53.94,36.03,72.24,30.94,76.7,79.94,70.77,109.6,45.8,220.96,72.83,75.67
20140210,128.07,87.87,31.61,125.74,93.95,109.77,22.47,37.98,62.59,88.92,24.63,159.91,75.53,24.08,176.11,89.79,55.99,93.31,54.06,36.27,72.22,31.19,77.41,81.39,69.16,110.47,45.9,219.74,72.84,77.06
20140211,129.33,88.11,32.11,128.71,94.4,111.63,22.35,38.05,63.42,90.23,25,163.28,75.82,24.26,178.66,91.67,56.67,93.78,54.86,36.63,73.52,31.6,78.22,82.24,70.04,111.81,46.19,221.51,73.86,77.79
20140212,129.64,88.55,32.1,127.42,95.61,111.08,22.48,37.92,63.09,90.47,24.96,162.4,76.39,24.34,179.2,91.12,56.76,93.34,54.17,36.93,73.65,31.33,76.88,81.3,69.66,112.22,46.35,223.75,74.02,77.91
20140213,129.35,88.43,32.63,128.78,95.55,111.56,21.91,38.06,63.56,90.81,25.01,162.95,76.7,24.49,180.79,91.26,57.27,93.9,54.26,37.07,74.41,31.42,77.18,81.91,70.62,112.74,46.29,223.63,74.42,77.9
20140214,131.31,88.53,32.3,129.43,95.98,112.52,22.2,38.34,64.07,93.48,25.31,162.61,77.03,24.55,182.63,91.46,57.38,94.21,54.6,37.08,74.6,31.66,78.77,83.04,72.91,113.3,45.51,225.57,74.84,79.23
20140218,131,88.55,31.98,129.9,95.99,111.76,22.05,36.9,64.28,93.44,25.22,163.54,76.68,24.55,182.13,90.88,57.72,94.45,54.85,37.16,74.74,31.6,77.35,83.38,73.22,113.17,44.99,225.63,74.39,79.58
20140219,129.76,88.37,32.01,127.67,95.65,112.64,21.92,36.53,63.84,93.32,24.97,162.16,75.57,24.29,181.89,90.36,56.51,93.99,54.21,37.25,74.36,31.2,77.52,83.03,72.94,113.47,45.53,223.46,73.91,78.87
20140220,130.76,88.54,32.33,128.84,96.35,113.63,21.94,36.73,64.92,94.73,24.91,163.39,76.59,24.53,183.19,91.09,56.82,94.18,54.96,37.49,75.11,31.27,77.3,82.83,72.87,114.48,47.08,223.04,72.6,79.19
20140221,130.77,88.28,31.96,127.56,96.93,111.73,21.78,36.61,64.44,94.39,24.74,163.39,76.85,24.21,181.73,90.89,56.85,94.87,55.18,37.71,76.01,31.18,77.35,82.81,73.2,114.81,46.25,222.94,72.2,80.13
20140224,131.39,89.45,31.64,128.87,96.75,113.18,21.77,36.93,64.15,95.79,25.08,165.42,76.97,24.42,182.39,90.48,57.27,94.92,55.33,37.43,77.36,31.71,77.24,82.47,75.38,115.91,45.23,225.76,72.43,80.73
20140225,132.12,89.44,31.35,126.07,95.85,114,21.49,37.19,64.49,95.66,25.06,162.38,80.05,24.41,182.17,90.48,56.28,95.04,55.06,37.28,77.63,31.61,77.5,82.37,74.7,115.31,45.29,226.68,72.43,80.21
20140226,132.05,89.26,31.18,125.9,96.63,114.53,21.58,37.29,65.08,95.14,25.09,162.25,80.76,24.59,182.99,90.48,56,94.32,55.42,37.21,77.93,31.71,77.24,82.46,75.43,115.53,45.35,225.68,73.84,80.08
20140227,133.52,89.81,31.41,127.84,96.13,114.71,21.57,37.49,65.56,95.19,25.29,164.82,81.03,24.55,184.2,90.73,55.94,94.32,55.8,37.59,77.77,31.95,77.57,82.87,75.39,116.03,46.48,225.85,73.63,80.48
20140228,133.91,90.8,31.11,128.2,96.4,114.35,21.45,37.62,66.18,95.62,25.26,165.88,81.09,24.55,184.1,91.48,56.07,94.39,56.13,38.04,78.05,31.83,78.04,82.86,76.63,116.44,46.55,225.51,73.76,80.81
20140303,131.4,89.5,31.05,127.5,95.75,113.87,21.23,37.54,65.46,94.86,24.91,164.18,81.06,24.29,183.19,90.93,55.47,93.57,55.56,37.52,77.15,31.7,76.87,82.21,76.46,116.18,46.29,221.02,73.19,79.46
20140304,131.87,92.12,31.33,129.5,96.45,114.34,21.47,37.73,66.82,95.87,25.44,168.16,81.92,24.4,185.36,92.69,56.51,94.22,56.19,38.14,78.37,32.4,77.83,83.13,77.48,117.01,46.87,225.07,74.19,81.71
20140305,133.03,91.65,31.31,128.07,95.81,113.46,21.52,37.76,66.8,93.17,25.72,171.32,81.96,24.29,186.06,91.95,57.39,94.26,56.02,37.84,77.18,32.46,77.2,83.38,77.35,116.83,46.36,222.39,73.86,82.68
20140306,133.26,93.03,31.51,128.14,97.03,113.88,21.47,37.88,67.05,93.13,26.01,172.01,81.46,24.42,186.55,92.25,58.12,94.82,56.39,37.88,77.97,32.17,77.44,83.91,77,117.17,46.44,223.44,73.94,83.34
20140307,133.29,93.37,31.71,127.82,96.48,114.11,21.38,37.96,66.8,94.35,25.92,173.67,81.6,24.43,186.59,92.67,58.62,94.74,56.6,37.63,79.21,32.14,77.76,83.44,76.76,117.72,46.13,225.13,74.12,82.21
20140310,132.75,93.21,31.68,126.18,96.18,114.86,21.34,38.06,66.91,94.86,25.83,172.92,81.23,24.63,185.31,92.8,58.42,94.44,56.45,37.56,78.73,32.1,77.91,83.29,77.24,117.18,46.02,225.07,73.97,81.97
20140311,131.7,92.71,31.41,124.97,96.27,113.54,21.26,38.21,65.57,93.38,25.69,169.31,80.82,24.52,185.68,92.84,57.42,97.99,55.83,37.75,78.55,32.13,78.32,83.1,77.14,115.07,45.69,226.75,74.46,81.05
20140312,131.76,92.41,31.55,123.74,96.25,114.67,21.47,38.18,65.99,93.57,25.55,169.14,80.09,24.55,185.14,92.95,57.16,97.92,55.95,38,78.72,31.7,78.61,82.95,77.24,115.23,45.36,225.67,75.07,81.38
20140313,130.01,90.21,31.52,121.21,95.05,113.48,21.18,37.69,65.28,93.01,25.13,166.13,78.34,24.36,182.84,92.36,56.66,96.59,55.37,37.62,78.28,30.85,78.56,82.11,76.65,112.33,45.04,220.36,74.47,79.93
20140314,129.04,89.7,31.66,122.42,94.83,113.13,21.01,37.89,65.34,92.84,24.9,164.79,78.92,24.29,181.16,92.17,56.05,96.8,55.28,37.44,78.07,30.95,78.35,82.18,75.35,112.04,45.09,220.35,73.82,80.07
20140317,131.46,90.78,32.05,124.72,95.11,114.1,21.17,37.98,65.94,93.68,25.22,166.27,79.12,24.49,184.73,93.28,56.82,96.82,55.84,37.78,78.73,31.14,79.21,83.06,76.4,113.84,45.31,223.36,74.22,81.39
20140318,131.93,91.11,32.14,123.35,95.85,115.26,21.28,38.11,66.36,94.07,25.44,167.52,79.36,24.61,185.73,93.29,57.3,96.53,55.94,39.27,79.39,31.65,79.14,83.46,77.64,114.11,45.69,225.98,74.31,81.99
20140319,130.43,90.25,32.12,121.56,95.48,114.22,21.28,37.86,65.63,93.1,25.07,167.61,79.29,24.81,183.64,92.94,57.53,95.33,55.57,38.99,78.9,31.43,78.16,82.72,79.59,113.44,45.36,223.4,73.92,80.52
20140320,131.62,91.21,33.22,123.04,95.65,114.53,21.48,38.16,66.14,93.94,25.06,168.64,79.62,25.21,186.81,93.47,59.32,95.83,55.17,40.05,79.02,31.63,77.7,82.75,81.15,113.2,46.19,221.4,74.92,80.81
20140321,132.31,91.04,33.42,121.9,96.82,114.65,21.29,38.15,66.54,93.67,25.19,166.38,79.95,24.96,185.59,95.27,59.38,94.71,54.25,39.88,74.97,31.9,77.26,83.29,80.96,114,45.9,222.95,75.63,80.35
20140324,131.61,90.53,33.58,122.73,96.28,114.87,21.23,38.11,66.05,94,25.2,165.16,79.2,24.91,187.16,94.54,60.27,95.41,53.38,40.22,74.62,31.21,78.67,83.37,80.9,113.18,46,220.33,76.29,79.49
20140325,133.24,90.36,33.83,123.33,98.01,116.1,21.98,38.33,66.79,94.27,25.49,162.69,79.01,25.24,193.91,96.71,60.13,95.14,54.78,40.06,73.42,31.54,79.18,83.54,80.72,114.63,46.2,217.99,76.4,79.55
20140326,132.28,89.19,33.73,122.84,97.23,116.71,21.96,38.32,66.07,94.06,25.41,161.18,78.41,25.16,191.51,96.38,59.11,95.07,55.6,39.51,72.99,31.9,78.87,82.95,81.16,114.01,46,215.27,75.76,78.62
20140327,132.03,89.52,34.07,122.52,97.87,116.67,21.67,38.53,66.13,95.59,25.6,161.74,78.22,25.09,188.73,96.61,59.13,95.39,55.31,39.08,73.09,31.82,79.02,83.01,80.64,113.23,46.66,215.36,75.67,78.48
20140328,133.38,89.98,34.17,123.77,98.81,117.5,21.97,38.66,66.18,97.04,25.67,161.75,78.26,25.4,189.35,96.77,59.25,96.46,55.56,40.02,73.31,31.6,79.13,83.5,81.24,114.24,46.4,211.69,75.54,78.99
20140331,134.83,89.56,34.17,124.79,98.79,117.9,22.06,38.37,66.66,97.02,25.68,163.29,78.67,25.59,191.38,97.55,59.91,97.25,56.35,40.7,73.63,31.84,79.96,84.61,81.61,116.26,46.54,215.45,75.96,80.07
20140401,135.7,90.69,34.19,127.49,99.23,117.99,22.93,38.12,67.31,97.07,25.66,165.36,78.92,25.77,193.37,97.26,59.87,97.12,55.95,41.13,74.16,31.67,79.7,83.9,81.46,117.33,46.72,214.3,76.3,81.57
20140402,135.17,90.15,34.47,127.59,102.03,118.34,22.82,38.04,67.67,97.29,25.83,166.7,79.49,25.67,192.43,97.55,60.06,96.81,56.04,41.06,74.31,32,79.49,84.16,81.23,119.27,46.79,214.26,76.71,81.67
20140403,135.31,90.73,34.72,128.06,101.95,118.03,22.92,37.79,67.56,97.27,26.02,165.53,78.94,26.19,191.57,97.58,60.24,96.88,55.79,40.72,73.76,32.11,79.47,84.49,81.87,119.17,47.08,214.6,76.98,81.69
20140404,135.03,88.92,34.64,126.67,101.57,117.79,22.54,37.93,66.9,96.7,25.81,162.69,78.26,25.94,190.66,97.74,59.39,97.09,55.7,39.59,72.61,31.88,79.14,84.71,81.15,117.59,47,207.31,76.83,80.43
20140407,133.58,86.36,34.58,124.89,100.52,116.35,22.68,38.33,66.32,96.13,25.64,158.02,76.68,26.26,193.39,97.21,58.59,96.23,54.78,39.52,70.61,30.92,79.85,84.51,80.7,115.6,47.08,203.03,76.83,79.13
20140408,134.02,86.25,34.82,123.46,101.79,116.8,22.77,38.61,66.35,96.79,25.54,156.03,76.66,26.68,192.17,97.38,58.44,97.3,54.63,39.54,72.69,30.6,80.71,84.24,80.28,115.19,47.7,202.21,77.7,79.57
20140409,135.01,88.48,34.47,126.17,102.39,118.09,22.94,38.7,67.07,96.67,25.74,157.62,77.31,26.75,195.5,98.27,58.86,97.56,56.67,40.19,73.33,30.95,80.84,85.32,81.01,116.46,47.47,207.15,77.49,80.47
20140410,133.15,85.13,34.67,122.95,101.66,115.7,22.48,38.6,66.03,96.13,25.37,155.45,76.33,26.2,194.55,95.87,57,98.63,55.43,39.08,72.22,30.34,80.45,84.5,79.62,113.99,46.96,201.17,76.42,77.51
20140411,131.58,84.31,34.75,121.39,100.86,116.04,22.29,38.34,65.65,96.07,25.22,152.2,75.26,25.96,194.06,96.2,54.92,98.5,55.5,38.94,71.03,29.6,80.12,84.81,78.58,113.36,46.57,196.26,76.03,77.01
20140414,132.34,85.26,34.91,122.56,102.18,117.7,22.68,38.44,66.15,97.2,25.5,154.21,75.53,26.33,196.63,96.47,54.58,99.31,55.15,38.91,72.15,29.61,80.17,85,78.81,114.37,46.77,200.63,76.9,77.62
20140415,133.27,85.8,35.22,123.58,101.9,119.28,22.72,39.88,66.46,98.01,25.61,154.39,75.45,26.54,195.88,98.51,54.42,100.02,55.63,39.47,72.05,29.63,80.2,85.39,79.14,115.26,46.42,203.67,76.41,77.66
20140416,135.94,87.16,35.64,125.34,102.93,120.8,22.86,40.29,67.27,99.27,25.91,156.69,76.13,26.7,195.26,98.07,54.88,100.02,55.84,40.12,72.87,29.82,81,86.28,77.82,117.48,46.6,208.97,76.74,78.95
20140417,136.89,85.98,35.58,127.21,102.83,122.63,23.03,40.42,66.54,99.74,26.34,156.9,76.64,26.81,188.91,98.28,54.84,99.45,56.05,39.73,73.8,29.98,81.11,86.18,75.43,117.98,47.09,207.56,77.18,79.99
20140421,137.77,86.43,35.6,127.11,102.64,123.19,23.22,40.45,66.59,100.25,26.37,157.26,77.51,26.72,191.16,99.31,54.65,98.87,56.82,39.66,73.67,30.59,80.91,85.9,74.6,117.71,47.47,208.74,77.12,79.11
20140422,138.04,86.83,35.83,126.84,103.69,122.95,23.34,40.41,66.91,99.69,26.36,159.91,79.21,26.61,191.04,99.49,55.42,98.53,57.34,39.71,74.12,30.73,80.61,86.39,75.41,118.6,47.41,209.57,77.08,79.45
20140423,137.15,86.89,34.47,129.9,103.38,123.63,23.32,40.43,66.9,99.82,26.2,159.9,78.06,26.52,190.62,99.53,55.66,98.34,57.07,39.41,73.87,30.65,80.36,87.62,74.98,119.06,46.92,208.43,77.56,79.52
20140424,135.82,87.17,34.06,129.14,105.28,123.25,23.15,40.4,66.67,99.34,26.24,160.3,79.31,26.52,189.12,99.27,55.8,99.04,57.1,39.58,73.16,30.44,81.15,88.08,76.23,118.39,45.79,209.01,77.83,79.59
20140425,135.73,86.79,34.05,127.94,104.69,122.94,22.83,40.7,66.22,99.73,26.38,157.7,78.92,26.04,188.53,99.1,55.31,99.92,56.81,39.63,72.47,30.48,81.41,87.8,75.31,116.63,45.45,198.55,78.14,78.23
20140428,136.39,86.82,34.63,126.33,104.26,124.67,22.85,40.72,66.33,100.49,26.56,156.01,79.7,26.11,192.02,100.64,55.1,99.51,56.26,40.58,71.44,31.76,82.94,89.12,75.39,117.12,46.1,201.04,79.27,77.78
20140429,136.71,87.55,34.97,127.65,105.3,124.9,22.98,40.27,66.74,100.77,26.54,157.7,79.06,26.25,193.98,100.33,55.71,100.69,58.28,40.23,72.25,31.48,82.44,90.37,74.85,116.98,46.27,202.29,79.18,78.64
20140430,138.24,87.19,35.24,128.3,105.4,124.46,22.93,40.49,66.88,101.72,26.67,159.28,79.05,26.46,195.33,100.59,55.59,100.57,58.12,40.12,72.72,31,82.55,90.06,74.69,117.74,46.23,202.23,79.22,79.34
20140501,139.95,86.58,35.13,127.74,105.07,123.88,22.84,40.48,66.32,100.73,26.55,159.82,78.87,26.22,192.41,99.83,55.33,100.15,59.17,39.72,72.69,30.87,82.34,90.3,74.6,116.22,46.72,205.7,79.21,79.56
20140502,139.27,86.69,35.17,129.21,105.01,123.66,22.77,40.64,66.41,101.32,26.46,158.34,78.94,26.19,190.33,98.62,55.19,100.62,57.78,39.41,72.76,30.48,81.92,90.47,74.68,115.94,46.62,204.03,78.63,80.31
20140505,139.75,87.12,35.3,131.22,104.52,124.3,22.79,40.46,66.95,102.22,26.36,155.82,78.23,26.17,190.15,99.31,53.84,100.33,58.19,39.15,73.06,29.7,81.7,90.13,74.88,116.24,46.89,206.74,78.14,81.22
20140506,138.44,85.96,35.04,130.1,103.87,123.91,22.55,40.19,66.75,101.98,25.98,154.01,76.97,26.2,188.93,98.82,52.97,100.14,56.68,38.79,72.02,29.17,81.13,89.36,74.91,115.43,46.96,204.97,77.53,81.03
20140507,140.28,87.74,35.3,130.35,104.62,125.16,22.7,40.6,67.6,102.41,26.31,154.99,76.63,26.37,189.3,100.21,53.67,101.14,55.42,39.14,71.95,29.02,82.09,90.54,77.55,116.33,47.59,208.31,77.96,80.29
20140508,139.97,88.38,35.94,130.57,104.94,124.03,22.85,40.43,67.65,101.63,26.22,156.86,76.6,26.34,188.91,99.8,53.98,101.13,54.42,39.36,72.82,29.17,82.16,90.71,76.53,116.44,47.97,210.5,78.69,81.6
20140509,140.48,88.6,35.97,131.1,105.06,123.97,22.85,40.56,67.33,101.95,26.2,156.67,77.26,26.3,190.08,100.21,53.64,102.11,54.8,39.26,73.22,29.03,82.39,90.77,76.59,116.41,47.96,210.41,79.2,81.95
20140512,141.95,89.41,36.1,132.6,106.2,124.18,23.01,40.52,67.74,102.23,26.63,159.01,77.81,26.37,192.57,99.82,54.27,102.04,54.88,39.69,74.4,29.13,81.73,91.51,77.38,118.04,47.65,211.3,79.15,82.42
20140513,141.56,88.85,35.74,133.45,107.15,124.78,22.69,40.8,67.69,102.36,26.7,159.74,76.82,26.45,192.19,100.32,54.24,102.7,55.33,40.42,74.36,29.2,81.61,92.37,77.67,118.15,47.34,211.66,79.14,82.08
20140514,140.74,88.22,35.93,132.99,106.53,125.35,22.64,40.58,67.72,102.29,26.54,158.91,75.87,26.33,188.72,100.17,53.98,102.21,55.95,40.24,73.35,29.1,81.17,92.11,76.81,117.32,47.5,209.86,78.74,80.92
20140515,140.12,87.36,36.05,131.21,104.99,123.81,24,40.22,66.83,100.78,26.38,156.11,75.8,26.01,186.46,99.99,53.14,101.68,55.47,39.6,72.71,29.06,80.53,91.84,76.12,115.7,47.45,207.45,76.83,80.15
20140516,140.27,87.26,36.27,130.81,106.03,123.18,24.19,40.58,67.02,100.74,26.45,155.9,76.91,25.82,187.06,99.88,52.94,102.32,55.45,39.83,73.71,29.12,80.33,92.04,76.29,114.58,48.55,209.81,77.01,80.39
20140519,140.81,87.88,35.92,131.35,105.39,122.95,24.17,40.41,67.03,100.87,26.39,157.13,76.06,26.04,187,99.94,53.46,101.27,55.93,39.75,74.26,29.28,79.93,92.23,76.84,115.02,48.63,210.36,76.61,81.05
20140520,139.37,86.85,35.05,129.58,101.56,122.5,23.94,40.28,66.69,100.67,26.08,155.82,77.51,26.04,184.89,99.56,53.35,100.72,55.58,39.68,73.03,29.25,80.23,92.13,76.3,113.1,48.13,207.92,75.69,81.09
20140521,140.66,87.62,34.82,130.96,102.88,124.16,24.29,40.56,67.22,102.03,26.27,158.81,77.63,26.2,186.39,100.44,53.74,101.74,56.16,40.35,73.98,29.57,80.49,92.32,77.36,114.84,48.65,210.1,75.66,82.19
20140522,140.31,87.91,34.93,131.84,103.08,123.63,24.2,40.28,67.51,101.5,26.29,159.31,78.32,26.15,185.68,100.96,54.17,101.63,56.07,40.1,74.64,29.66,80.65,92.47,77.97,115.04,48.92,209.37,75.39,82.35
20140523,141.14,88.54,34.87,132.41,104.03,123.37,24.33,40.28,68.1,101.32,26.29,159.62,78.72,26.29,185.94,100.98,54.15,101.18,56.38,40.12,75.61,29.49,80.52,92.32,78.4,115.54,49.21,212.07,75.61,83.32
20140527,141.44,91.14,34.76,134.17,103.68,122.84,24.52,40.47,68.16,101.36,26.35,161.22,79.23,26.71,184.78,100.81,54.76,101.54,56.27,40.19,76.37,29.61,80.08,92.95,78.74,115.85,49.09,214.5,75.59,83.74
20140528,141.43,90.81,34.89,134.33,102.91,122.52,24.63,40.28,68.41,101.06,26.44,161.19,79.22,26.88,183.08,100.3,55.07,100.49,55.98,40.01,76.03,29.61,80.1,92.92,78.21,115.95,49.21,213.8,75.53,83.6
20140529,142.39,91.03,34.94,135.14,103.6,122.32,24.49,40.36,68.97,101.27,26.52,160.74,79.44,26.96,183.76,100.76,55.33,101.34,57.27,40.34,76.38,29.6,80.4,93.56,79,116.35,49.19,214.67,75.98,84.03
20140530,142.55,91.25,35.02,135.25,102.23,122.79,24.43,40.6,69.31,100.53,26.57,159.81,79.76,27.32,184.36,101.46,55.18,101.43,57.43,40.94,76.91,29.63,80.79,92.91,79.26,116.22,49.43,214.83,76.77,84.01
20140602,142.32,91.64,34.99,135.9,103.76,122.21,24.59,40.55,69.26,99.94,26.61,160.03,80.37,27.26,185.69,102.17,54.97,102.03,57.5,40.79,76.72,29.71,80.36,93.17,79.1,117.4,49.52,213.52,76.76,84.27
20140603,142.89,91.48,34.75,135.88,104.49,122.55,24.49,40.57,68.87,100.39,26.57,161.8,80.67,27.66,184.37,102.46,55.21,101.45,57.48,40.29,75.55,29.59,79.93,92.87,79.51,117.82,48.76,211.32,76.71,83.88
20140604,142.26,91.56,34.6,135.33,104.31,122.35,24.31,40.49,69.32,100.04,26.33,162.39,80.54,27.6,184.51,102.68,55.29,102.44,57.5,40.32,76.13,29.64,79.86,94.12,80.13,117.14,48.63,211.43,77.13,84.24
20140605,143.71,92.54,34.65,136.82,106.96,123.52,24.51,40.58,69.34,100.55,26.55,162.58,80.38,27.66,185.98,103.22,56.24,102.45,57.67,41.21,75.87,29.76,80.11,94.42,79.43,118.17,48.76,212.22,77.32,84.78
20140606,144.64,94.65,34.57,138.25,108.18,124.19,24.64,40.68,69.67,101.6,26.96,166.19,80.64,28.17,186.37,103.18,56.57,101.96,57.42,41.48,76.23,29.42,80.03,94.36,79.56,118.9,48.89,213,77.21,84.61
20140609,145.32,95.31,34.56,137.96,108.75,124.37,24.61,40.6,69.43,101.52,27.22,166,80.61,27.91,186.22,103.22,57.02,101.38,57.51,41.27,76.67,29.35,80.09,94.66,79.39,120.09,49.04,212.58,77.01,85.48
20140610,144.97,95.02,34.49,137.25,109.31,125.34,24.81,40.76,69.47,101.46,27.19,166.36,80.74,28.24,184.29,104.1,57.5,100.88,58.05,41.11,76.31,29.5,80.15,95.1,79.44,119.13,48.99,214.25,76.62,84.75
20140611,144.41,94.82,34.37,134.1,108.69,125.18,24.85,40.55,68.97,101.95,26.93,165.43,79.81,27.93,182.25,103.32,56.87,100.42,58.37,40.86,75.14,29.43,80.06,94.9,79.8,118.3,48.84,212.68,76.16,84.31
20140612,143.07,94.5,34.39,132.19,106.65,126.11,24.47,40.42,68.08,101.66,26.74,165.96,78.43,27.96,181.22,102.53,56.64,99.76,58.3,40.58,74.77,29.45,79.76,95,79.44,116.85,48.52,211.77,75.73,82.8
20140613,143.36,94.59,34.58,132.29,106.77,127.26,24.51,40.37,68.3,102.65,26.82,165.89,78.07,29.87,182.56,102.53,56.64,100.49,58.24,41.23,74.62,29.53,79.64,95.41,79.18,116.79,48.66,211.29,75.28,82.8
20140616,143.32,94.11,34.53,132.54,106.81,128.54,24.34,40.66,68.11,102.92,26.6,165.85,78.9,30.01,182.35,102.45,56.48,101.1,58.07,41.5,74.55,29.61,79.69,95.46,78,116.87,48.78,210.24,75.34,83.3
20140617,143.69,94.4,34.57,132.45,106.67,128.83,24.31,40.92,67.79,102.42,26.65,168.22,80.02,29.95,182.26,101.93,57.02,101.27,58.06,41.68,75.09,29.48,79.58,95.22,78.17,117.01,48.69,210.81,74.99,83.16
20140618,144.33,95.3,34.75,132.48,107.48,130.28,24.44,41.56,67.89,102.73,26.67,169.86,80.71,29.93,183.6,102.81,57.38,101.35,58.41,41.65,76.21,29.71,79.79,95.4,79.21,117.23,48.89,211.25,75.7,83.58
20140619,144.49,94.81,34.91,132.82,107.25,131.99,24.52,41.79,67.4,102.63,26.93,169.73,80.44,30.09,182.82,103.81,56.9,101.91,58.3,41.51,75.64,29.59,80.24,95.6,80.51,117.58,48.94,210.32,75.87,83.77
20140620,145.16,95.28,34.94,132.1,109.38,132.34,24.64,41.69,68.43,103.83,26.97,169.84,80.17,30.2,181.55,105.27,57.15,101.92,58.92,41.68,75.1,29.78,79.93,94.59,81.41,117.99,48.86,209.49,75.68,82.82
20140623,144.09,95.25,34.94,130.85,108.78,132.98,24.51,41.73,67.98,104.38,26.68,170.24,80.64,30.23,182.14,104.75,57.79,101.91,58.5,41.99,75.45,29.45,79.52,94.95,81.49,117.13,49.2,209.47,75.79,82.76
20140624,143.09,94.17,34.84,129.15,107.81,131.77,24.34,41.85,67.34,102.73,26.58,168.23,80.43,30.5,180.88,104.59,57.02,101.47,57.92,41.75,74.98,29.3,79.01,94.67,81.74,115.68,48.76,207.79,75.97,82.68
20140625,143.65,94.38,34.81,127.06,108.44,131.23,24.53,41.96,67.82,102.14,26.42,168.38,80.53,30.88,180.72,105.76,57.13,101.61,58.86,42.03,76.47,29.8,79.32,94.86,82.34,116.12,48.88,209.06,75.62,83.9
20140626,143.73,94.04,34.81,128.02,108.52,130.92,24.46,42.03,67.7,102.03,26.29,168.01,80.75,30.78,180.37,105.65,56.99,101.51,58.53,41.72,76.86,29.59,78.62,94.41,82.29,115.75,48.69,208.96,74.91,84.45
20140627,143.69,94.67,34.96,128.54,108.78,130.36,24.51,42.19,65.44,101.21,26.43,166.78,81.13,30.93,181.71,104.99,57.13,101.46,57.53,42.25,77.68,29.67,79.02,93.92,82,116.58,48.79,209.28,75.34,85.3
20140630,143.24,94.61,34.91,127.23,108.67,130.55,24.66,42.36,65.44,100.68,26.28,167.44,80.96,30.9,181.27,104.62,57.22,100.74,57.85,41.7,77.55,29.68,78.59,94.07,81.75,115.45,48.41,210.71,75.07,85.74
20140701,144.56,95.09,35.03,128.15,109.17,130.54,24.89,42.29,65.41,101.36,26.4,166.81,81.82,30.98,186.35,105.87,57.57,101,58.51,41.87,78,30.08,79.28,95.21,81.89,115.93,48.84,214.25,75.28,86.47
20140702,145.23,94.95,35.21,127.62,109.56,130.23,25.03,42.29,65.36,101.57,26.61,166.89,81.98,30.98,188.39,105.86,56.97,100.53,59.05,41.9,77.79,30.37,79.56,94.62,82.49,115.14,49.13,214.84,75.62,86.44
20140703,145.41,95.58,35.38,128.51,111.08,131.19,25.19,42.23,65.8,102.59,26.86,169.46,82.05,31.14,188.53,105.42,57.05,100.98,59.2,41.8,78.45,30.53,79.98,94.84,83.35,115.53,49.18,216.51,75.75,86.84
20140707,144.91,95.14,35.56,129.09,110.16,130.47,25.23,42.14,65.64,102.65,26.75,167.78,81.42,31.03,188.04,106.47,56.67,100.17,58.52,41.99,78.65,30.49,80.19,94.55,82.22,115.1,49.22,216.74,76.07,86.59
20140708,144.56,94.31,35.56,126.79,109.46,129.9,25.07,41.94,65.33,102.83,26.37,164.91,80.76,30.79,187.22,105.72,55.76,100.09,58.17,41.78,77.67,30.15,80.56,94.14,81.93,114.07,48.76,215.26,76.65,85.86
20140709,144.68,94.74,35.65,126.79,110.14,131.39,25.44,41.95,65.04,103.55,26.32,164.67,80.73,30.89,188.42,106.04,56.02,101.07,58.55,41.67,78.69,30.05,81.67,94.7,82.74,113.84,48.9,216.16,77.21,87.22
20140710,143.89,94.46,35.7,126.79,109.36,130.25,25.44,42.26,64.94,102.57,26.2,163.42,79.4,31.26,187.7,105.8,55.56,100.58,58.58,41.69,77.5,30,81.61,94.3,82.08,113.51,49.64,215.54,77.06,86.86
20140711,144.31,94.47,35.76,128.09,109.96,128.47,25.52,41.97,64.89,101.74,26.55,164.8,79.61,31.25,188,105.1,55.8,100.37,58.44,42.09,77.29,30.07,81.16,94.68,82.87,114.13,50.32,217,76.82,86.89
